[
 {
        "ParameterKey": "VPCID",
        "ParameterValue": "vpc-058429ef3724f06c5"
    },
    {
        "ParameterKey": "ELBNetworkStackName",
        "ParameterValue": "NetworkELB"
    },
    {
        "ParameterKey": "Subnets",
        "ParameterValue": "subnet-0629be505a028a0b4,subnet-0d63919e7a9c2d4c7"
    },
    {
        "ParameterKey": "InstanceType",
        "ParameterValue": "t2.medium"
    },

    {
        "ParameterKey": "KeyName",
        "ParameterValue": "DockerAutomation"
    },
    {
        "ParameterKey": "SSHLocation",
        "ParameterValue": "49.36.1.167/32"
    },
    {
        "ParameterKey": "WorkerNode",
        "ParameterValue": "2"
    }
 

]