[
 {
        "ParameterKey": "VPCID",
        "ParameterValue": "vpc-0f811834ed7f39325"
    },
    {
        "ParameterKey": "Subnets",
        "ParameterValue": "subnet-004300941188e50dc,subnet-0c350bc2ac38cc53d"
    },
    {
        "ParameterKey": "InstanceType",
        "ParameterValue": "t2.medium"
    },

    {
        "ParameterKey": "KeyName",
        "ParameterValue": "containerization-Automation-Pranali"
    },
    {
        "ParameterKey": "SSHLocation",
        "ParameterValue": "18.217.203.81/32"
    },
    {
        "ParameterKey": "WorkerNode",
        "ParameterValue": "2"
    }
 

]