[
 {
        "ParameterKey": "VPCID",
        "ParameterValue": "vpc-058429ef3724f06c5"
    },
    {
        "ParameterKey": "ELBNetworkStackName",
        "ParameterValue": "NetworkELB"
    },
  
   {
        "ParameterKey": "DockerVersion",
        "ParameterValue": "17.03.0"
    },
    {
        "ParameterKey": "DockerRepository",
        "ParameterValue": "stable"
    },

    {
        "ParameterKey": "Subnets",
        "ParameterValue": "subnet-0629be505a028a0b4,subnet-0d63919e7a9c2d4c7"
    },
    {
        "ParameterKey": "InstanceType",
        "ParameterValue": "t2.micro"
    },

    {
        "ParameterKey": "KeyName",
        "ParameterValue": "DockerAutomation"
    },
    {
        "ParameterKey": "SSHLocation",
        "ParameterValue": "13.127.40.18/32"
    },
    {
        "ParameterKey": "WorkerNode",
        "ParameterValue": "2"
    }
 

]